{"model":{"version":3,"nodes":[{"name":"RootNode","position":[0,0,0],"rotation":[0,0,0],"scale":[1,1,1],"scaleCompensation":false},{"name":"YHBL","position":[0,0,0],"rotation":[-90,90,0],"scale":[0.00104407,0.00104407,0.00104407],"scaleCompensation":false}],"parents":[-1,0],"skins":[],"morphs":[],"vertices":[{"position":{"type":"float32","components":3,"data":[24.1783,-39.248,217.734,-397.26,-32.6053,217.585,-380.114,-97.0397,455.061,24.4619,-98.4932,454.873,403.353,-100.057,447.976,417.578,-39.0748,216.259,417.078,-4.00079,35.1058,37.835,-0.31543,5.70514,-436.52,5.75476,-20.242]},"normal":{"type":"float32","components":3,"data":[0.00658509,0.976537,0.21525,0.010778,0.977757,0.209465,0.0113037,0.966949,0.254718,0.00599679,0.970165,0.242373,0.00329423,0.968168,0.250278,0.000401993,0.975101,0.221763,-0.00120011,0.982357,0.187013,0.00364147,0.984174,0.177169,0.00395941,0.987335,0.158597]},"texCoord0":{"type":"float32","components":2,"data":[0.605307,0.707972,0.4975,0.708186,0.502034,0.645268,0.605505,0.645455,0.702407,0.647244,0.705929,0.708529,0.705721,0.755718,0.608718,0.763115,0.487397,0.769783]}}],"meshes":[{"aabb":{"min":[-436.52,-100.057,-20.242],"max":[417.578,5.75476,455.061]},"vertices":0,"indices":[0,1,2,2,3,0,4,5,0,0,3,4,0,5,6,6,7,0,7,8,1,1,0,7],"type":"triangles","base":0,"count":24}],"meshInstances":[{"node":1,"mesh":0}]}}