{"model":{"version":3,"nodes":[{"name":"RootNode","position":[0,0,0],"rotation":[0,0,0],"scale":[1,1,1],"scaleCompensation":false},{"name":"TC","position":[0,0,0],"rotation":[-90,90,0],"scale":[0.00104407,0.00104407,0.00104407],"scaleCompensation":false}],"parents":[-1,0],"skins":[],"morphs":[],"vertices":[{"position":{"type":"float32","components":3,"data":[19.472,372.201,-17.8347,34.092,337.772,-16.4152,34.092,-337.772,-16.4152,19.472,-372.201,-17.8347,-387.058,-392.824,-30.3708,-387.058,392.824,-30.3708,-24.1382,389.201,-21.7784,-24.1382,-389.201,-21.7784,-409.865,-377.407,-29.3765,-409.865,377.407,-29.3765,-422.936,-345.496,-27.5143,-422.936,345.496,-27.5143,-21.473,-413.247,18.3413,5.90466,-360.674,21.5277,-444.419,-347.327,0.373413,-416.605,-413.633,-0.459717,-375.968,-430.536,2.01758,-71.0966,-430.139,15.8445,-21.473,413.247,18.3413,-71.0966,430.139,15.8445,-375.968,430.536,2.01758,-416.605,413.633,-0.459717,-444.419,347.327,0.373413,5.90466,360.674,21.5277,7.22852,186.593,26.0134,-446.553,158.488,4.67188,8.31848,-6.24417e-06,30.371,-444.331,-6.24417e-06,8.13684,-446.553,-158.488,4.67188,7.22852,-186.593,26.0134]},"normal":{"type":"float32","components":3,"data":[0.0911956,0,-0.995833,0.0966424,0,-0.995319,0.0966424,0,-0.995319,0.0911956,0,-0.995833,-0.00221035,0,-0.999997,-0.00221041,0,-0.999998,0.0523556,0,-0.998628,0.0523556,0,-0.998629,-0.0585508,0,-0.998284,-0.0585509,0,-0.998284,-0.141034,0,-0.990005,-0.141034,0,-0.990005,-0.0473955,-0.0315338,0.998378,-0.0477796,-0.0296295,0.998418,-0.0507618,-0.0249758,0.998398,-0.0798356,-0.0460007,0.995746,-0.051337,-0.0224536,0.998429,-0.0452828,-0.0146171,0.998867,-0.0473955,0.0315338,0.998378,-0.0452828,0.0146171,0.998867,-0.051337,0.0224536,0.998429,-0.0798356,0.0460008,0.995746,-0.0507618,0.0249758,0.998398,-0.0477796,0.0296295,0.998418,-0.0481076,0.0239739,0.998554,-0.0486553,0.0224106,0.998564,-0.0485435,0,0.998821,-0.0490608,0,0.998796,-0.0486553,-0.0224106,0.998564,-0.0481076,-0.0239739,0.998554]},"texCoord0":{"type":"float32","components":2,"data":[0.686296,0.37368,0.681958,0.375513,0.596932,0.375309,0.592603,0.373455,0.590131,0.32226,0.689014,0.322498,0.688448,0.368188,0.590477,0.367952,0.592078,0.319398,0.687081,0.319626,0.596098,0.317767,0.683068,0.317976,0.551226,0.387251,0.55826,0.400705,0.442955,0.40412,0.45005,0.387153,0.460462,0.382835,0.538518,0.382932,0.551235,0.598704,0.538527,0.603024,0.460472,0.603121,0.45006,0.598803,0.442963,0.581835,0.558268,0.58525,0.558659,0.540713,0.44247,0.533523,0.55899,0.492977,0.443078,0.492977,0.442465,0.452432,0.558655,0.445242]}}],"meshes":[{"aabb":{"min":[-446.553,-430.536,-30.3708],"max":[34.092,430.536,30.371]},"vertices":0,"indices":[0,1,2,2,3,0,4,5,6,6,7,4,7,6,0,0,3,7,8,9,5,5,4,8,10,11,9,9,8,10],"type":"triangles","base":0,"count":30},{"aabb":{"min":[-446.553,-430.536,-30.3708],"max":[34.092,430.536,30.371]},"vertices":0,"indices":[12,13,14,14,15,16,12,14,16,17,12,16,18,19,20,20,21,22,18,20,22,23,18,22,24,23,22,22,25,24,26,24,25,25,27,26,26,27,28,28,29,26,29,28,14,14,13,29],"type":"triangles","base":0,"count":48}],"meshInstances":[{"node":1,"mesh":0},{"node":1,"mesh":1}]}}