{"model":{"version":3,"nodes":[{"name":"RootNode","position":[0,0,0],"rotation":[0,0,0],"scale":[1,1,1],"scaleCompensation":false},{"name":"ZHBL","position":[0,0,0],"rotation":[-90,90,0],"scale":[0.00104407,0.00104407,0.00104407],"scaleCompensation":false}],"parents":[-1,0],"skins":[],"morphs":[],"vertices":[{"position":{"type":"float32","components":3,"data":[1.14783,42.9925,215.651,1.4314,102.238,452.789,-403.145,100.784,452.978,-420.291,36.3498,215.502,380.323,103.802,445.893,394.547,42.8192,214.176,14.8044,4.05988,3.6217,394.047,7.7453,33.0223,-459.55,-2.01025,-22.3254]},"normal":{"type":"float32","components":3,"data":[0.00658507,-0.976537,0.21525,0.00599679,-0.970165,0.242373,0.0113036,-0.966949,0.254718,0.0107778,-0.977757,0.209465,0.00329423,-0.968168,0.250278,0.000401993,-0.975101,0.221763,0.00364148,-0.984174,0.177169,-0.00120007,-0.982357,0.187013,0.00395928,-0.987335,0.158597]},"texCoord0":{"type":"float32","components":2,"data":[0.639436,0.261433,0.639634,0.32395,0.536163,0.324136,0.531629,0.261219,0.736535,0.322161,0.740058,0.260876,0.642847,0.206291,0.739851,0.213687,0.521526,0.199622]}}],"meshes":[{"aabb":{"min":[-459.55,-2.01025,-22.3254],"max":[394.547,103.802,452.978]},"vertices":0,"indices":[0,1,2,2,3,0,4,1,0,0,5,4,0,6,7,7,5,0,6,0,3,3,8,6],"type":"triangles","base":0,"count":24}],"meshInstances":[{"node":1,"mesh":0}]}}