{"model":{"version":3,"nodes":[{"name":"RootNode","position":[0,0,0],"rotation":[0,0,0],"scale":[1,1,1],"scaleCompensation":false},{"name":"ZQBL","position":[0,0,0],"rotation":[-90,90,0],"scale":[0.00104407,0.00104407,0.00104407],"scaleCompensation":false}],"parents":[-1,0],"skins":[],"morphs":[],"vertices":[{"position":{"type":"float32","components":3,"data":[-419.732,34.6466,216.723,7.60681,-1.21851,-11.9999,19.5311,39.6181,243.507,-441.832,5.25629,-10.7998,399.365,-0.0010376,25.5782,414.86,35.3453,262.429,441.832,104.733,519.407,67.1318,98.6937,482.001,-157.227,72.2064,387.751]},"normal":{"type":"float32","components":3,"data":[-0.00331693,-0.986541,0.163482,-0.0100775,-0.988829,0.14871,-0.00732985,-0.980995,0.193893,-0.00582718,-0.98952,0.144275,-0.0148686,-0.988005,0.153703,-0.0156646,-0.978061,0.20773,-0.0163051,-0.967266,0.253241,-0.00904128,-0.969734,0.243998,0.00493603,-0.974087,0.226118]},"texCoord0":{"type":"float32","components":2,"data":[0.22255,0.25275,0.332929,0.195605,0.334755,0.261833,0.217993,0.193993,0.432932,0.206957,0.435794,0.268259,0.441328,0.336453,0.345712,0.324901,0.288822,0.298796]}}],"meshes":[{"aabb":{"min":[-441.832,-1.21851,-11.9999],"max":[441.832,104.733,519.407]},"vertices":0,"indices":[0,1,2,1,0,3,2,4,5,4,2,1,6,7,5,7,2,5,7,8,2,8,0,2],"type":"triangles","base":0,"count":24}],"meshInstances":[{"node":1,"mesh":0}]}}