{"model":{"version":3,"nodes":[{"name":"RootNode","position":[0,0,0],"rotation":[0,0,0],"scale":[1,1,1],"scaleCompensation":false},{"name":"YQBL","position":[0,0,0],"rotation":[-90,90,0],"scale":[0.00104407,0.00104407,0.00104407],"scaleCompensation":false}],"parents":[-1,0],"skins":[],"morphs":[],"vertices":[{"position":{"type":"float32","components":3,"data":[-419.709,-46.1409,222.199,19.554,-51.1124,248.983,7.62964,-10.2758,-6.52399,-441.809,-16.7505,-5.32385,414.883,-46.8397,267.904,399.387,-11.4933,31.0542,441.855,-116.228,524.883,67.1547,-110.188,487.477,-157.205,-83.7007,393.227]},"normal":{"type":"float32","components":3,"data":[-0.00331697,0.986541,0.163482,-0.00732983,0.980995,0.193893,-0.0100774,0.988829,0.14871,-0.00582718,0.98952,0.144275,-0.0156645,0.978061,0.20773,-0.0148685,0.988005,0.153703,-0.016305,0.967266,0.253241,-0.00904128,0.969734,0.243998,0.0049359,0.974087,0.226118]},"texCoord0":{"type":"float32","components":2,"data":[0.222538,0.735459,0.334755,0.726533,0.332837,0.792758,0.217898,0.794209,0.435803,0.720247,0.432856,0.781545,0.441432,0.652061,0.3458,0.66348,0.288873,0.689505]}}],"meshes":[{"aabb":{"min":[-441.809,-116.228,-6.52399],"max":[441.855,-10.2758,524.883]},"vertices":0,"indices":[0,1,2,0,2,3,1,4,5,1,5,2,6,4,7,7,4,1,7,1,8,8,1,0],"type":"triangles","base":0,"count":24}],"meshInstances":[{"node":1,"mesh":0}]}}